[
{
  "model": "auth.user",
  "pk": 1,
  "fields": {
    "password": "pbkdf2_sha256$1000000$Ddmd8lvt8qEklQ3SpLUHpH$XAmZrIiZZQNA/p3BZG5DX/2/4wYR75T+2S7FgxuB6BY=",
    "last_login": "2025-08-17T20:50:38.307Z",
    "is_superuser": true,
    "username": "admin",
    "first_name": "",
    "last_name": "",
    "email": "pascal.bensussan@gmail.com",
    "is_staff": true,
    "is_active": true,
    "date_joined": "2025-08-14T09:21:43.331Z",
    "groups": [
      1
    ],
    "user_permissions": []
  }
},
{
  "model": "auth.user",
  "pk": 2,
  "fields": {
    "password": "pbkdf2_sha256$1000000$F1OOI5vVolJXv3xhZweCey$kBZNo4ybK0y6nh1u7hIDiea14EM0qziixwsn7GsWRT8=",
    "last_login": "2025-08-17T20:51:31.433Z",
    "is_superuser": false,
    "username": "TIS",
    "first_name": "",
    "last_name": "",
    "email": "",
    "is_staff": false,
    "is_active": true,
    "date_joined": "2025-08-14T09:38:03Z",
    "groups": [
      1
    ],
    "user_permissions": []
  }
},
{
  "model": "auth.user",
  "pk": 3,
  "fields": {
    "password": "pbkdf2_sha256$1000000$vYzCT1ifXu2rsHYV0DPULr$UqOikiKpKtiKp/pUFDPZBnM8cbNH22E4TKBcC7nz3HE=",
    "last_login": "2025-08-17T17:59:28.306Z",
    "is_superuser": false,
    "username": "VMX",
    "first_name": "",
    "last_name": "",
    "email": "",
    "is_staff": false,
    "is_active": true,
    "date_joined": "2025-08-14T09:39:51.344Z",
    "groups": [
      1
    ],
    "user_permissions": []
  }
},
{
  "model": "auth.user",
  "pk": 4,
  "fields": {
    "password": "pbkdf2_sha256$1000000$ldgmlVdz4fVBNmSPgYlwd0$DJAMlHfncramlZzx2I/aieKwR3YUqaVT9gYD+24FrLs=",
    "last_login": "2025-08-17T17:33:53.138Z",
    "is_superuser": false,
    "username": "GZN",
    "first_name": "",
    "last_name": "",
    "email": "",
    "is_staff": false,
    "is_active": true,
    "date_joined": "2025-08-16T12:02:58Z",
    "groups": [
      1
    ],
    "user_permissions": []
  }
},
{
  "model": "auth.user",
  "pk": 5,
  "fields": {
    "password": "pbkdf2_sha256$1000000$edu9OY6VEcKjNd0c4U5PLM$NlzNbhlzX+qrK7H7FNzhRSe00vQeIcvlW2hayE/ZDGU=",
    "last_login": "2025-08-17T17:12:19.804Z",
    "is_superuser": false,
    "username": "SEB",
    "first_name": "",
    "last_name": "",
    "email": "",
    "is_staff": false,
    "is_active": true,
    "date_joined": "2025-08-16T16:17:28.670Z",
    "groups": [
      1
    ],
    "user_permissions": []
  }
},
{
  "model": "auth.user",
  "pk": 6,
  "fields": {
    "password": "pbkdf2_sha256$1000000$49Xq13YYlOVjBXJzPNVorf$zPDI+NNhlA0td6hLite6toRsVjJy5lR/rJSLyB9+wck=",
    "last_login": "2025-08-17T17:11:12.136Z",
    "is_superuser": false,
    "username": "CLR",
    "first_name": "",
    "last_name": "",
    "email": "",
    "is_staff": false,
    "is_active": true,
    "date_joined": "2025-08-16T16:19:46.601Z",
    "groups": [
      1
    ],
    "user_permissions": []
  }
},
{
  "model": "auth.user",
  "pk": 7,
  "fields": {
    "password": "pbkdf2_sha256$1000000$qZ4LxIvboiu4IG4H3IfdLY$lfLkIE/MVn0hYqirOzKJz4y+RCcx2rRCT9WkjsxjAJY=",
    "last_login": "2025-08-17T20:49:42.232Z",
    "is_superuser": false,
    "username": "CVI",
    "first_name": "",
    "last_name": "",
    "email": "",
    "is_staff": false,
    "is_active": true,
    "date_joined": "2025-08-17T16:38:06Z",
    "groups": [
      1
    ],
    "user_permissions": []
  }
},
{
  "model": "auth.user",
  "pk": 8,
  "fields": {
    "password": "pbkdf2_sha256$1000000$fNj5NOAWWoaKELsjvotVvt$2YaZLFxqCpnqilNdOYceA3++8QRxHpjwXHnjvEzFenU=",
    "last_login": "2025-08-17T20:51:45.926Z",
    "is_superuser": true,
    "username": "BSN",
    "first_name": "",
    "last_name": "",
    "email": "",
    "is_staff": true,
    "is_active": true,
    "date_joined": "2025-08-17T16:38:59Z",
    "groups": [
      1
    ],
    "user_permissions": []
  }
},
{
  "model": "auth.user",
  "pk": 9,
  "fields": {
    "password": "pbkdf2_sha256$1000000$Gt044VuV3BMoNEWfiQUAHc$DnryAsb5gVufbrlXul40uDkozmGhgTUjya8zEP1VoE8=",
    "last_login": "2025-08-17T17:16:27.977Z",
    "is_superuser": false,
    "username": "FCT",
    "first_name": "",
    "last_name": "",
    "email": "",
    "is_staff": false,
    "is_active": true,
    "date_joined": "2025-08-17T16:39:35.890Z",
    "groups": [
      1
    ],
    "user_permissions": []
  }
},
{
  "model": "auth.user",
  "pk": 10,
  "fields": {
    "password": "pbkdf2_sha256$1000000$WmavqoINtHCeCSvvD0laHF$rUIBM09Ni8UlICZ3pfSSzEhJJqcQOBX3DF1QpsAC010=",
    "last_login": null,
    "is_superuser": false,
    "username": "FND",
    "first_name": "",
    "last_name": "",
    "email": "",
    "is_staff": false,
    "is_active": true,
    "date_joined": "2025-08-17T16:39:52.362Z",
    "groups": [
      1
    ],
    "user_permissions": []
  }
},
{
  "model": "auth.user",
  "pk": 11,
  "fields": {
    "password": "pbkdf2_sha256$1000000$flQEbFQMVsMiSZ9Cb7wZbN$x1UIlEywvAPqcOce5Pvl14Q+xDlHSzRlEgioCTPufA8=",
    "last_login": "2025-08-17T17:05:31.631Z",
    "is_superuser": false,
    "username": "GBO",
    "first_name": "",
    "last_name": "",
    "email": "",
    "is_staff": false,
    "is_active": true,
    "date_joined": "2025-08-17T16:40:07.226Z",
    "groups": [
      1
    ],
    "user_permissions": []
  }
},
{
  "model": "auth.user",
  "pk": 12,
  "fields": {
    "password": "pbkdf2_sha256$1000000$gFo12cdFCQB4qY5sNMEj4A$DuhmfPrshupjRtZwBoEZcKUwahd8xe3vKROxpFm45iA=",
    "last_login": "2025-08-17T17:32:59.085Z",
    "is_superuser": false,
    "username": "SEG",
    "first_name": "",
    "last_name": "",
    "email": "",
    "is_staff": false,
    "is_active": true,
    "date_joined": "2025-08-17T16:40:26Z",
    "groups": [
      1
    ],
    "user_permissions": []
  }
},
{
  "model": "auth.user",
  "pk": 13,
  "fields": {
    "password": "pbkdf2_sha256$1000000$hHJhqyjnU696eq61dWI5A3$94GIkeFpxQPuA9s8POq2qalsJ1BBflQqMKW+MT1HQ/g=",
    "last_login": "2025-08-17T17:34:10.273Z",
    "is_superuser": false,
    "username": "RMZ",
    "first_name": "",
    "last_name": "",
    "email": "",
    "is_staff": false,
    "is_active": true,
    "date_joined": "2025-08-17T16:41:18Z",
    "groups": [
      1
    ],
    "user_permissions": []
  }
},
{
  "model": "auth.user",
  "pk": 14,
  "fields": {
    "password": "pbkdf2_sha256$1000000$2SN3kIfqmFR6pSfq1a4vui$ub49RS+alPnnrEAR/A62I/VZnJ8JE1TmXCPjQoytu1w=",
    "last_login": null,
    "is_superuser": false,
    "username": "PRY",
    "first_name": "",
    "last_name": "",
    "email": "",
    "is_staff": false,
    "is_active": true,
    "date_joined": "2025-08-17T16:41:57.358Z",
    "groups": [
      1
    ],
    "user_permissions": []
  }
},
{
  "model": "auth.user",
  "pk": 15,
  "fields": {
    "password": "pbkdf2_sha256$1000000$ChayvEf5gSra1DdIfelM9M$hZ45NM3/jHolpPgwZ7JkqACLtk/EYqHY2RCnkWfhvX4=",
    "last_login": "2025-08-17T20:48:59.640Z",
    "is_superuser": false,
    "username": "VCT",
    "first_name": "",
    "last_name": "",
    "email": "",
    "is_staff": false,
    "is_active": true,
    "date_joined": "2025-08-17T16:54:15Z",
    "groups": [
      1
    ],
    "user_permissions": []
  }
},
{
  "model": "core.agent",
  "pk": 1,
  "fields": {
    "centre": 1,
    "reference": null,
    "trigram": "TIS",
    "user": 2,
    "nom": "",
    "prenom": "",
    "date_naissance": null,
    "nationalite": "",
    "actif": true,
    "type_agent": "controleur"
  }
},
{
  "model": "core.agent",
  "pk": 2,
  "fields": {
    "centre": null,
    "reference": null,
    "trigram": "VMX",
    "user": 3,
    "nom": "",
    "prenom": "",
    "date_naissance": null,
    "nationalite": "",
    "actif": true,
    "type_agent": "controleur"
  }
},
{
  "model": "core.agent",
  "pk": 3,
  "fields": {
    "centre": null,
    "reference": null,
    "trigram": "BSN",
    "user": 8,
    "nom": "",
    "prenom": "",
    "date_naissance": null,
    "nationalite": "",
    "actif": true,
    "type_agent": "controleur"
  }
},
{
  "model": "core.agent",
  "pk": 4,
  "fields": {
    "centre": 2,
    "reference": null,
    "trigram": "GZN",
    "user": 4,
    "nom": "",
    "prenom": "",
    "date_naissance": null,
    "nationalite": "",
    "actif": true,
    "type_agent": "controleur"
  }
},
{
  "model": "core.agent",
  "pk": 5,
  "fields": {
    "centre": null,
    "reference": null,
    "trigram": "SEB",
    "user": 5,
    "nom": "",
    "prenom": "",
    "date_naissance": null,
    "nationalite": "",
    "actif": true,
    "type_agent": "controleur"
  }
},
{
  "model": "core.agent",
  "pk": 6,
  "fields": {
    "centre": 1,
    "reference": null,
    "trigram": "CLR",
    "user": 6,
    "nom": "",
    "prenom": "",
    "date_naissance": null,
    "nationalite": "",
    "actif": true,
    "type_agent": "controleur"
  }
},
{
  "model": "core.agent",
  "pk": 7,
  "fields": {
    "centre": null,
    "reference": null,
    "trigram": "CVI",
    "user": 7,
    "nom": "",
    "prenom": "",
    "date_naissance": null,
    "nationalite": "",
    "actif": true,
    "type_agent": "controleur"
  }
},
{
  "model": "core.agent",
  "pk": 8,
  "fields": {
    "centre": 1,
    "reference": null,
    "trigram": "FCT",
    "user": 9,
    "nom": "",
    "prenom": "",
    "date_naissance": null,
    "nationalite": "",
    "actif": true,
    "type_agent": "controleur"
  }
},
{
  "model": "core.agent",
  "pk": 9,
  "fields": {
    "centre": 1,
    "reference": null,
    "trigram": "FND",
    "user": 10,
    "nom": "",
    "prenom": "",
    "date_naissance": null,
    "nationalite": "",
    "actif": true,
    "type_agent": "controleur"
  }
},
{
  "model": "core.agent",
  "pk": 10,
  "fields": {
    "centre": 2,
    "reference": null,
    "trigram": "GBO",
    "user": 11,
    "nom": "",
    "prenom": "",
    "date_naissance": null,
    "nationalite": "",
    "actif": true,
    "type_agent": "controleur"
  }
},
{
  "model": "core.agent",
  "pk": 11,
  "fields": {
    "centre": 1,
    "reference": null,
    "trigram": "PRY",
    "user": 14,
    "nom": "",
    "prenom": "",
    "date_naissance": null,
    "nationalite": "",
    "actif": true,
    "type_agent": "controleur"
  }
},
{
  "model": "core.agent",
  "pk": 12,
  "fields": {
    "centre": 2,
    "reference": null,
    "trigram": "RMZ",
    "user": 13,
    "nom": "",
    "prenom": "",
    "date_naissance": null,
    "nationalite": "",
    "actif": true,
    "type_agent": "controleur"
  }
},
{
  "model": "core.agent",
  "pk": 13,
  "fields": {
    "centre": 2,
    "reference": null,
    "trigram": "SEG",
    "user": 12,
    "nom": "",
    "prenom": "",
    "date_naissance": null,
    "nationalite": "",
    "actif": true,
    "type_agent": "controleur"
  }
},
{
  "model": "core.agent",
  "pk": 14,
  "fields": {
    "centre": null,
    "reference": null,
    "trigram": "VCT",
    "user": 15,
    "nom": "",
    "prenom": "",
    "date_naissance": null,
    "nationalite": "",
    "actif": true,
    "type_agent": "controleur"
  }
},
{
  "model": "core.role",
  "pk": 1,
  "fields": {
    "nom": "ADJOINT_ES",
    "scope": "CENTRAL",
    "level": "MANAGEMENT",
    "groups": [
      1
    ]
  }
},
{
  "model": "core.role",
  "pk": 2,
  "fields": {
    "nom": "ES_LOCAL",
    "scope": "LOCAL",
    "level": "MANAGEMENT",
    "groups": [
      1
    ]
  }
},
{
  "model": "core.role",
  "pk": 3,
  "fields": {
    "nom": "CHEF_DE_DIVISION",
    "scope": "CENTRAL",
    "level": "ENCADREMENT",
    "groups": [
      1
    ]
  }
},
{
  "model": "core.role",
  "pk": 4,
  "fields": {
    "nom": "ADJOINT_SMSI",
    "scope": "CENTRAL",
    "level": "MANAGEMENT",
    "groups": [
      1
    ]
  }
},
{
  "model": "core.role",
  "pk": 5,
  "fields": {
    "nom": "SMSI_LOCAL",
    "scope": "LOCAL",
    "level": "MANAGEMENT",
    "groups": [
      1
    ]
  }
},
{
  "model": "core.role",
  "pk": 6,
  "fields": {
    "nom": "CHEF_DE_QUART",
    "scope": "LOCAL",
    "level": "EXECUTION",
    "groups": [
      1
    ]
  }
},
{
  "model": "core.role",
  "pk": 7,
  "fields": {
    "nom": "ADJOINT_QS",
    "scope": "CENTRAL",
    "level": "MANAGEMENT",
    "groups": [
      1
    ]
  }
},
{
  "model": "core.role",
  "pk": 8,
  "fields": {
    "nom": "QS_LOCAL",
    "scope": "LOCAL",
    "level": "MANAGEMENT",
    "groups": [
      1
    ]
  }
},
{
  "model": "core.role",
  "pk": 9,
  "fields": {
    "nom": "ADJOINT_CHEF_DE_CENTRE",
    "scope": "LOCAL",
    "level": "ENCADREMENT",
    "groups": [
      1
    ]
  }
},
{
  "model": "core.role",
  "pk": 10,
  "fields": {
    "nom": "ADJOINT_CHEF_DE_DIVISION",
    "scope": "CENTRAL",
    "level": "ENCADREMENT",
    "groups": [
      1
    ]
  }
},
{
  "model": "core.role",
  "pk": 11,
  "fields": {
    "nom": "CHEF_DE_CENTRE",
    "scope": "LOCAL",
    "level": "ENCADREMENT",
    "groups": [
      1
    ]
  }
},
{
  "model": "core.role",
  "pk": 12,
  "fields": {
    "nom": "CONTROLEUR",
    "scope": "LOCAL",
    "level": "EXECUTION",
    "groups": [
      1
    ]
  }
},
{
  "model": "core.role",
  "pk": 13,
  "fields": {
    "nom": "FORM_LOCAL",
    "scope": "LOCAL",
    "level": "EXECUTION",
    "groups": [
      1
    ]
  }
},
{
  "model": "core.role",
  "pk": 14,
  "fields": {
    "nom": "RESPONSABLE_SMS",
    "scope": "CENTRAL",
    "level": "MANAGEMENT",
    "groups": [
      1
    ]
  }
},
{
  "model": "core.role",
  "pk": 15,
  "fields": {
    "nom": "SMS_LOCAL",
    "scope": "LOCAL",
    "level": "MANAGEMENT",
    "groups": [
      1
    ]
  }
},
{
  "model": "core.role",
  "pk": 16,
  "fields": {
    "nom": "ADJOINT_CONFORMITE",
    "scope": "CENTRAL",
    "level": "MANAGEMENT",
    "groups": [
      1
    ]
  }
},
{
  "model": "core.role",
  "pk": 17,
  "fields": {
    "nom": "ADJOINT_FORM",
    "scope": "CENTRAL",
    "level": "MANAGEMENT",
    "groups": [
      1
    ]
  }
},
{
  "model": "core.agentrole",
  "pk": 1,
  "fields": {
    "agent": 2,
    "role": 1,
    "centre": null,
    "date_debut": "2025-08-14",
    "date_fin": null
  }
},
{
  "model": "core.agentrole",
  "pk": 2,
  "fields": {
    "agent": 1,
    "role": 2,
    "centre": 1,
    "date_debut": "2025-08-14",
    "date_fin": null
  }
},
{
  "model": "core.agentrole",
  "pk": 4,
  "fields": {
    "agent": 2,
    "role": 4,
    "centre": null,
    "date_debut": "2025-08-15",
    "date_fin": null
  }
},
{
  "model": "core.agentrole",
  "pk": 5,
  "fields": {
    "agent": 1,
    "role": 5,
    "centre": 1,
    "date_debut": "2025-08-15",
    "date_fin": null
  }
},
{
  "model": "core.agentrole",
  "pk": 6,
  "fields": {
    "agent": 4,
    "role": 6,
    "centre": 1,
    "date_debut": "2025-08-16",
    "date_fin": null
  }
},
{
  "model": "core.agentrole",
  "pk": 7,
  "fields": {
    "agent": 5,
    "role": 7,
    "centre": null,
    "date_debut": "2025-08-16",
    "date_fin": null
  }
},
{
  "model": "core.agentrole",
  "pk": 8,
  "fields": {
    "agent": 6,
    "role": 8,
    "centre": 1,
    "date_debut": "2025-08-16",
    "date_fin": null
  }
},
{
  "model": "core.agentrole",
  "pk": 9,
  "fields": {
    "agent": 1,
    "role": 1,
    "centre": null,
    "date_debut": "2025-08-17",
    "date_fin": null
  }
},
{
  "model": "core.agentrole",
  "pk": 10,
  "fields": {
    "agent": 2,
    "role": 14,
    "centre": null,
    "date_debut": "2025-08-17",
    "date_fin": null
  }
},
{
  "model": "core.agentrole",
  "pk": 11,
  "fields": {
    "agent": 3,
    "role": 10,
    "centre": null,
    "date_debut": "2025-08-17",
    "date_fin": null
  }
},
{
  "model": "core.agentrole",
  "pk": 12,
  "fields": {
    "agent": 4,
    "role": 6,
    "centre": 2,
    "date_debut": "2025-08-17",
    "date_fin": null
  }
},
{
  "model": "core.agentrole",
  "pk": 13,
  "fields": {
    "agent": 4,
    "role": 12,
    "centre": 2,
    "date_debut": "2025-08-17",
    "date_fin": null
  }
},
{
  "model": "core.agentrole",
  "pk": 15,
  "fields": {
    "agent": 6,
    "role": 6,
    "centre": 1,
    "date_debut": "2025-08-17",
    "date_fin": null
  }
},
{
  "model": "core.agentrole",
  "pk": 16,
  "fields": {
    "agent": 6,
    "role": 12,
    "centre": 1,
    "date_debut": "2025-08-17",
    "date_fin": null
  }
},
{
  "model": "core.agentrole",
  "pk": 17,
  "fields": {
    "agent": 7,
    "role": 3,
    "centre": null,
    "date_debut": "2025-08-17",
    "date_fin": null
  }
},
{
  "model": "core.agentrole",
  "pk": 18,
  "fields": {
    "agent": 8,
    "role": 11,
    "centre": 1,
    "date_debut": "2025-08-17",
    "date_fin": null
  }
},
{
  "model": "core.agentrole",
  "pk": 19,
  "fields": {
    "agent": 9,
    "role": 9,
    "centre": 1,
    "date_debut": "2025-08-17",
    "date_fin": null
  }
},
{
  "model": "core.agentrole",
  "pk": 20,
  "fields": {
    "agent": 10,
    "role": 11,
    "centre": 2,
    "date_debut": "2025-08-17",
    "date_fin": null
  }
},
{
  "model": "core.agentrole",
  "pk": 21,
  "fields": {
    "agent": 11,
    "role": 12,
    "centre": 1,
    "date_debut": "2025-08-17",
    "date_fin": null
  }
},
{
  "model": "core.agentrole",
  "pk": 22,
  "fields": {
    "agent": 11,
    "role": 15,
    "centre": 1,
    "date_debut": "2025-08-17",
    "date_fin": null
  }
},
{
  "model": "core.agentrole",
  "pk": 23,
  "fields": {
    "agent": 12,
    "role": 6,
    "centre": 2,
    "date_debut": "2025-08-17",
    "date_fin": null
  }
},
{
  "model": "core.agentrole",
  "pk": 24,
  "fields": {
    "agent": 12,
    "role": 5,
    "centre": 2,
    "date_debut": "2025-08-17",
    "date_fin": null
  }
},
{
  "model": "core.agentrole",
  "pk": 25,
  "fields": {
    "agent": 13,
    "role": 9,
    "centre": 2,
    "date_debut": "2025-08-17",
    "date_fin": null
  }
},
{
  "model": "core.agentrole",
  "pk": 26,
  "fields": {
    "agent": 13,
    "role": 14,
    "centre": 2,
    "date_debut": "2025-08-17",
    "date_fin": null
  }
},
{
  "model": "core.agentrole",
  "pk": 27,
  "fields": {
    "agent": 13,
    "role": 6,
    "centre": 2,
    "date_debut": "2025-08-17",
    "date_fin": null
  }
},
{
  "model": "core.agentrole",
  "pk": 28,
  "fields": {
    "agent": 14,
    "role": 16,
    "centre": null,
    "date_debut": "2025-08-17",
    "date_fin": null
  }
},
{
  "model": "core.agentrole",
  "pk": 29,
  "fields": {
    "agent": 3,
    "role": 6,
    "centre": 1,
    "date_debut": "2025-08-17",
    "date_fin": null
  }
},
{
  "model": "documentation.documenttype",
  "pk": 1,
  "fields": {
    "nom": "LOA"
  }
},
{
  "model": "documentation.documenttype",
  "pk": 2,
  "fields": {
    "nom": "CS"
  }
},
{
  "model": "cyber.smsi",
  "pk": 1,
  "fields": {
    "centre": 1,
    "relais_local": 1,
    "manuel_management": null,
    "programme_surete": null
  }
},
{
  "model": "cyber.smsi",
  "pk": 2,
  "fields": {
    "centre": 2,
    "relais_local": 12,
    "manuel_management": null,
    "programme_surete": null
  }
}
]
