[
{
  "model": "auth.group",
  "pk": 1,
  "fields": {
    "name": "TOUT_DROITS",
    "permissions": []
  }
},
{
  "model": "auth.group",
  "pk": 3,
  "fields": {
    "name": "G_CHEF DE CENTRE",
    "permissions": []
  }
},
{
  "model": "auth.group",
  "pk": 4,
  "fields": {
    "name": "G_ACHEFDECENTRE",
    "permissions": []
  }
},
{
  "model": "auth.group",
  "pk": 5,
  "fields": {
    "name": "G_LOCALQS",
    "permissions": []
  }
},
{
  "model": "auth.group",
  "pk": 6,
  "fields": {
    "name": "G_LOCALFORM",
    "permissions": []
  }
},
{
  "model": "auth.group",
  "pk": 7,
  "fields": {
    "name": "G_LOCALSMS",
    "permissions": []
  }
},
{
  "model": "auth.group",
  "pk": 8,
  "fields": {
    "name": "G_LOCALES",
    "permissions": []
  }
},
{
  "model": "auth.group",
  "pk": 9,
  "fields": {
    "name": "G_CONTROLEUR",
    "permissions": []
  }
},
{
  "model": "auth.group",
  "pk": 10,
  "fields": {
    "name": "G_NATQS",
    "permissions": []
  }
},
{
  "model": "auth.group",
  "pk": 11,
  "fields": {
    "name": "G_NATSMS",
    "permissions": []
  }
},
{
  "model": "auth.group",
  "pk": 12,
  "fields": {
    "name": "G_NATFORM",
    "permissions": []
  }
},
{
  "model": "auth.group",
  "pk": 13,
  "fields": {
    "name": "G_NATES",
    "permissions": []
  }
},
{
  "model": "auth.user",
  "pk": 1,
  "fields": { "password": "pbkdf2_sha256$1000000$7DmIakMppIyL4yDcLg8vHJ$1NH491kOjyRes7Zj3tHM3WTLMZVEsnnfhlwm98w2ibY=", "last_login": null, "is_superuser": true, "username": "admin", "first_name": "", "last_name": "", "email": "pascal.bensussan@gmail.com", "is_staff": true, "is_active": true, "date_joined": "2025-08-01T15:26:11.235Z", "groups": [], "user_permissions": [] }
},
{
  "model": "auth.user",
  "pk": 2,
  "fields": { "password": "pbkdf2_sha256$1000000$z2TOvZLL3xl5YnX3pJ0Ptg$byyb7AYArdqLrgrgtHD326y2QNIdkB76xgI28611W28=", "last_login": null, "is_superuser": false, "username": "SEG", "first_name": "", "last_name": "", "email": "", "is_staff": false, "is_active": true, "date_joined": "2025-08-01T15:30:13Z", "groups": [], "user_permissions": [] }
},
{
  "model": "auth.user",
  "pk": 3,
  "fields": { "password": "pbkdf2_sha256$1000000$PN2Eg9ccwNTYlpfaBdjLNQ$wDM3Aai4dbfyM76OspOcNEGlL/wFP1uzlImalEgmBwI=", "last_login": null, "is_superuser": false, "username": "BSN", "first_name": "", "last_name": "", "email": "", "is_staff": false, "is_active": true, "date_joined": "2025-08-01T15:32:27Z", "groups": [], "user_permissions": [] }
},
{
  "model": "auth.user",
  "pk": 4,
  "fields": { "password": "pbkdf2_sha256$1000000$RCNrhfU6c0gz6vsVpMMbzD$YyFMnavVo4Ioi6yJi+/xNxPc7R5IOcLx8mJlV8Qdwgk=", "last_login": null, "is_superuser": false, "username": "FCT", "first_name": "", "last_name": "", "email": "", "is_staff": false, "is_active": true, "date_joined": "2025-08-01T20:21:17Z", "groups": [], "user_permissions": [] }
},
{
  "model": "auth.user",
  "pk": 5,
  "fields": { "password": "pbkdf2_sha256$1000000$LnimcEiOFDzxKQH2uBLyXO$e6vNDg9Ds5v+WwwarpEj3iH8UNwdqeuYQywlJnFz3Qg=", "last_login": null, "is_superuser": false, "username": "CVI", "first_name": "", "last_name": "", "email": "", "is_staff": false, "is_active": true, "date_joined": "2025-08-03T12:27:03Z", "groups": [], "user_permissions": [] }
},
{
  "model": "auth.user",
  "pk": 6,
  "fields": { "password": "pbkdf2_sha256$1000000$1aadjfFRvFxNFLV37umfgC$WwLXIu0YKmbWmlUDh+ZotsjF4E3D/ZsUeAIXrtG6phs=", "last_login": null, "is_superuser": false, "username": "VCT", "first_name": "", "last_name": "", "email": "", "is_staff": false, "is_active": true, "date_joined": "2025-08-03T12:27:29Z", "groups": [], "user_permissions": [] }
},
{
  "model": "auth.user",
  "pk": 7,
  "fields": { "password": "pbkdf2_sha256$1000000$CbY9ItFxgEQtuV0LmuV6ez$2mEQiK0ff0uqfvcNqLkp/WSPNA64hjntfzMyGVACk9k=", "last_login": null, "is_superuser": false, "username": "VMX", "first_name": "", "last_name": "", "email": "", "is_staff": false, "is_active": true, "date_joined": "2025-08-03T12:28:35Z", "groups": [], "user_permissions": [] }
},
{
  "model": "auth.user",
  "pk": 8,
  "fields": { "password": "pbkdf2_sha256$1000000$FkM536IHQnhqwMSesJasJg$aK1Tcce6fnVLOG1Ef3sxBK/IYkLYBqgRjNlf8FfwJag=", "last_login": null, "is_superuser": false, "username": "SEB", "first_name": "", "last_name": "", "email": "", "is_staff": false, "is_active": true, "date_joined": "2025-08-03T12:29:00Z", "groups": [], "user_permissions": [] }
},
{
  "model": "auth.user",
  "pk": 9,
  "fields": { "password": "pbkdf2_sha256$1000000$VGkOL3DeZ7ivzDI0JqxbD4$7gDkGEUTvBzJqQ/ztWkiadNfT2X10nwYAy2gQEfoFV0=", "last_login": null, "is_superuser": false, "username": "BSD", "first_name": "", "last_name": "", "email": "", "is_staff": false, "is_active": true, "date_joined": "2025-08-03T12:29:26Z", "groups": [], "user_permissions": [] }
},
{
  "model": "auth.user",
  "pk": 10,
  "fields": { "password": "pbkdf2_sha256$1000000$S3CRH8QZPwTPEGI38SPKWf$G/5ct3ghYN4qltjPmoorKjRTwh3CLnUt7IENBq/wsZk=", "last_login": null, "is_superuser": false, "username": "TIS", "first_name": "", "last_name": "", "email": "", "is_staff": false, "is_active": true, "date_joined": "2025-08-03T12:29:50Z", "groups": [], "user_permissions": [] }
},
{
  "model": "auth.user",
  "pk": 11,
  "fields": { "password": "pbkdf2_sha256$1000000$jykPgmqJ2ZMxYUwEKkZs4x$FkcKTBwWmoPNQlaPxAHc59VsGo6kfRr9qml3LuQxXN8=", "last_login": null, "is_superuser": false, "username": "GBO", "first_name": "", "last_name": "", "email": "", "is_staff": false, "is_active": true, "date_joined": "2025-08-03T12:30:31Z", "groups": [], "user_permissions": [] }
},
{
  "model": "auth.user",
  "pk": 12,
  "fields": { "password": "pbkdf2_sha256$1000000$a8srV12dHAvx8KO0BZPZF1$0I9tz473u0RXV5oXVxsSgvLVFHOTqp/1/uHFRvw7tWI=", "last_login": null, "is_superuser": false, "username": "FND", "first_name": "", "last_name": "", "email": "", "is_staff": false, "is_active": true, "date_joined": "2025-08-03T12:31:02Z", "groups": [], "user_permissions": [] }
},
{
  "model": "auth.user",
  "pk": 15,
  "fields": { "password": "pbkdf2_sha256$1000000$wWu5vy0yoo25Xs7WcuB1ID$6hZpQlGf77LkcIPMZHK5zY78p6o0Yn+Cb9a8hXPs3ME=", "last_login": null, "is_superuser": false, "username": "GJN", "first_name": "", "last_name": "", "email": "", "is_staff": false, "is_active": true, "date_joined": "2025-08-03T12:32:17Z", "groups": [], "user_permissions": [] }
},
{
  "model": "auth.user",
  "pk": 16,
  "fields": { "password": "pbkdf2_sha256$1000000$xJnmMkmZkc0KAQsUUYemdD$IstXqIzQGCH4iofCcf6b0SrI0lA57V9fOOPFS44ZvBE=", "last_login": null, "is_superuser": false, "username": "PRY", "first_name": "", "last_name": "", "email": "", "is_staff": false, "is_active": true, "date_joined": "2025-08-03T12:32:46Z", "groups": [], "user_permissions": [] }
},
{
  "model": "auth.user",
  "pk": 17,
  "fields": { "password": "pbkdf2_sha256$1000000$OUEBKiOjwhATazW5l6Sh2N$XefVSsmQ8VkINZ9GXE2FdJ5JFAVF3LdE4doKNABdAwo=", "last_login": null, "is_superuser": false, "username": "CLR", "first_name": "", "last_name": "", "email": "", "is_staff": false, "is_active": true, "date_joined": "2025-08-03T12:33:32Z", "groups": [], "user_permissions": [] }
},
{
  "model": "auth.user",
  "pk": 18,
  "fields": { "password": "pbkdf2_sha256$1000000$ZYkGcBVArwxhPzuBs5bpuO$GW8AtBDlxu1ARIGtNhtv9U1+/vVYGnfaM49nn25QHRk=", "last_login": null, "is_superuser": false, "username": "GZN", "first_name": "", "last_name": "", "email": "", "is_staff": false, "is_active": true, "date_joined": "2025-08-03T13:08:53Z", "groups": [], "user_permissions": [] }
},
{
  "model": "auth.user",
  "pk": 19,
  "fields": { "password": "pbkdf2_sha256$1000000$i5X0k2EovBU1Ck6I8DeAXU$XyAfMsGZR3eI+SNjzX1i/3rsZEwTiYdkQFSbe/OTVoQ=", "last_login": null, "is_superuser": false, "username": "RMZ", "first_name": "", "last_name": "", "email": "", "is_staff": false, "is_active": true, "date_joined": "2025-08-03T13:16:41Z", "groups": [], "user_permissions": [] }
},
{ "model": "core.centre", "pk": 1, "fields": { "nom_centre": "CENTRE de reference", "code_centre": "CTR" } },
{ "model": "core.centre", "pk": 2, "fields": { "nom_centre": "ISTRES", "code_centre": "IST" } },
{ "model": "core.centre", "pk": 3, "fields": { "nom_centre": "AIX EN PROVENCE", "code_centre": "AIX" } },
{
  "model": "core.role",
  "pk": 1,
  "fields": { "nom": "QS_LOCAL", "scope": "LOCAL", "level": "MANAGEMENT", "groups": [1] }
},
{
  "model": "core.role",
  "pk": 2,
  "fields": { "nom": "ADJOINT_CHEF_DE_CENTRE", "scope": "LOCAL", "level": "ENCADREMENT", "groups": [1] }
},
{
  "model": "core.role",
  "pk": 3,
  "fields": { "nom": "CHEF_DE_CENTRE", "scope": "LOCAL", "level": "ENCADREMENT", "groups": [1] }
},
{
  "model": "core.role",
  "pk": 4,
  "fields": { "nom": "SMS_LOCAL", "scope": "LOCAL", "level": "MANAGEMENT", "groups": [1] }
},
{
  "model": "core.role",
  "pk": 6,
  "fields": { "nom": "FORM_LOCAL", "scope": "LOCAL", "level": "MANAGEMENT", "groups": [] }
},
{
  "model": "core.role",
  "pk": 8,
  "fields": { "nom": "CHEF_DE_DIVISION", "scope": "CENTRAL", "level": "ENCADREMENT", "groups": [1] }
},
{
  "model": "core.role",
  "pk": 9,
  "fields": { "nom": "ADJOINT_CHEF_DE_DIVISION", "scope": "CENTRAL", "level": "ENCADREMENT", "groups": [1] }
},
{
  "model": "core.role",
  "pk": 10,
  "fields": { "nom": "ADJOINT_QS", "scope": "CENTRAL", "level": "MANAGEMENT", "groups": [] }
},
{
  "model": "core.role",
  "pk": 11,
  "fields": { "nom": "ADJOINT_FORM", "scope": "CENTRAL", "level": "MANAGEMENT", "groups": [1] }
},
{
  "model": "core.role",
  "pk": 12,
  "fields": { "nom": "ADJOINT_ES", "scope": "CENTRAL", "level": "MANAGEMENT", "groups": [1] }
},
{
  "model": "core.role",
  "pk": 13,
  "fields": { "nom": "RESPONSABLE_SMS", "scope": "CENTRAL", "level": "MANAGEMENT", "groups": [1] }
},
{
  "model": "core.role",
  "pk": 14,
  "fields": { "nom": "CONTROLEUR", "scope": "LOCAL", "level": "EXECUTION", "groups": [1] }
},
{
  "model": "core.role",
  "pk": 15,
  "fields": { "nom": "CHEF_DE_QUART", "scope": "LOCAL", "level": "EXECUTION", "groups": [1] }
},
{
  "model": "core.role",
  "pk": 16,
  "fields": { "nom": "ES_LOCAL", "scope": "LOCAL", "level": "MANAGEMENT", "groups": [] }
},
{
  "model": "core.role",
  "pk": 17,
  "fields": { "nom": "ADJOINT_CONFORMITE", "scope": "CENTRAL", "level": "MANAGEMENT", "groups": [] }
},
{
  "model": "core.role",
  "pk": 18,
  "fields": { "nom": "COORDONATEUR", "scope": "LOCAL", "level": "EXECUTION", "groups": [] }
},
{ "model": "core.agent", "pk": 1, "fields": { "centre": 3, "trigram": "SEG", "user": 2, "nom": "", "prenom": "", "date_naissance": null, "nationalite": "", "actif": true, "type_agent": "controleur" } },
{ "model": "core.agent", "pk": 2, "fields": { "centre": 2, "trigram": "FCT", "user": 4, "nom": "", "prenom": "", "date_naissance": null, "nationalite": "", "actif": true, "type_agent": "controleur" } },
{ "model": "core.agent", "pk": 3, "fields": { "centre": null, "trigram": "BSN", "user": 3, "nom": "", "prenom": "", "date_naissance": null, "nationalite": "", "actif": true, "type_agent": "controleur" } },
{ "model": "core.agent", "pk": 4, "fields": { "centre": null, "trigram": "BSD", "user": 9, "nom": "", "prenom": "", "date_naissance": null, "nationalite": "", "actif": true, "type_agent": "controleur" } },
{ "model": "core.agent", "pk": 5, "fields": { "centre": 2, "trigram": "CLR", "user": 17, "nom": "", "prenom": "", "date_naissance": null, "nationalite": "", "actif": true, "type_agent": "controleur" } },
{ "model": "core.agent", "pk": 6, "fields": { "centre": null, "trigram": "CVI", "user": 5, "nom": "", "prenom": "", "date_naissance": null, "nationalite": "", "actif": true, "type_agent": "controleur" } },
{ "model": "core.agent", "pk": 7, "fields": { "centre": 2, "trigram": "FND", "user": 12, "nom": "", "prenom": "", "date_naissance": null, "nationalite": "", "actif": true, "type_agent": "controleur" } },
{ "model": "core.agent", "pk": 8, "fields": { "centre": 3, "trigram": "GBO", "user": 11, "nom": "", "prenom": "", "date_naissance": null, "nationalite": "", "actif": true, "type_agent": "controleur" } },
{ "model": "core.agent", "pk": 9, "fields": { "centre": 3, "trigram": "GZN", "user": 18, "nom": "", "prenom": "", "date_naissance": null, "nationalite": "", "actif": true, "type_agent": "controleur" } },
{ "model": "core.agent", "pk": 10, "fields": { "centre": null, "trigram": "VMX", "user": 7, "nom": "", "prenom": "", "date_naissance": null, "nationalite": "", "actif": true, "type_agent": "controleur" } },
{ "model": "core.agent", "pk": 11, "fields": { "centre": null, "trigram": "TIS", "user": 10, "nom": "", "prenom": "", "date_naissance": null, "nationalite": "", "actif": true, "type_agent": "controleur" } },
{ "model": "core.agent", "pk": 12, "fields": { "centre": null, "trigram": "SEB", "user": 8, "nom": "", "prenom": "", "date_naissance": null, "nationalite": "", "actif": true, "type_agent": "controleur" } },
{ "model": "core.agent", "pk": 13, "fields": { "centre": 3, "trigram": "RMZ", "user": 19, "nom": "", "prenom": "", "date_naissance": null, "nationalite": "", "actif": true, "type_agent": "controleur" } },
{ "model": "core.agent", "pk": 14, "fields": { "centre": 2, "trigram": "GJN", "user": 15, "nom": "", "prenom": "", "date_naissance": null, "nationalite": "", "actif": true, "type_agent": "controleur" } },
{ "model": "core.agent", "pk": 15, "fields": { "centre": 2, "trigram": "PRY", "user": 16, "nom": "", "prenom": "", "date_naissance": null, "nationalite": "", "actif": true, "type_agent": "controleur" } },
{ "model": "core.agent", "pk": 16, "fields": { "centre": null, "trigram": "VCT", "user": 6, "nom": "", "prenom": "", "date_naissance": null, "nationalite": "", "actif": true, "type_agent": "controleur" } },
{ "model": "core.agentrole", "pk": 1, "fields": { "agent": 1, "role": 2, "centre": 3, "date_debut": "2025-08-03", "date_fin": null } },
{ "model": "core.agentrole", "pk": 2, "fields": { "agent": 3, "role": 9, "centre": null, "date_debut": "2025-08-03", "date_fin": null } },
{ "model": "core.agentrole", "pk": 3, "fields": { "agent": 4, "role": 11, "centre": null, "date_debut": "2025-08-03", "date_fin": null } },
{ "model": "core.agentrole", "pk": 5, "fields": { "agent": 5, "role": 1, "centre": 2, "date_debut": "2025-08-03", "date_fin": null } },
{ "model": "core.agentrole", "pk": 6, "fields": { "agent": 7, "role": 2, "centre": 2, "date_debut": "2025-08-03", "date_fin": null } },
{ "model": "core.agentrole", "pk": 7, "fields": { "agent": 8, "role": 3, "centre": 3, "date_debut": "2025-08-03", "date_fin": null } },
{ "model": "core.agentrole", "pk": 8, "fields": { "agent": 8, "role": 14, "centre": 3, "date_debut": "2025-08-03", "date_fin": null } },
{ "model": "core.agentrole", "pk": 9, "fields": { "agent": 7, "role": 14, "centre": 2, "date_debut": "2025-08-03", "date_fin": null } },
{ "model": "core.agentrole", "pk": 10, "fields": { "agent": 5, "role": 14, "centre": 2, "date_debut": "2025-08-03", "date_fin": null } },
{ "model": "core.agentrole", "pk": 11, "fields": { "agent": 1, "role": 14, "centre": 3, "date_debut": "2025-08-03", "date_fin": null } },
{ "model": "core.agentrole", "pk": 12, "fields": { "agent": 9, "role": 14, "centre": 3, "date_debut": "2025-08-03", "date_fin": null } },
{ "model": "core.agentrole", "pk": 13, "fields": { "agent": 9, "role": 1, "centre": 3, "date_debut": "2025-08-03", "date_fin": null } },
{ "model": "core.agentrole", "pk": 14, "fields": { "agent": 13, "role": 14, "centre": 3, "date_debut": "2025-08-03", "date_fin": null } },
{ "model": "core.agentrole", "pk": 15, "fields": { "agent": 2, "role": 3, "centre": 2, "date_debut": "2025-08-03", "date_fin": null } },
{ "model": "core.agentrole", "pk": 16, "fields": { "agent": 2, "role": 14, "centre": 2, "date_debut": "2025-08-03", "date_fin": null } },
{ "model": "core.agentrole", "pk": 17, "fields": { "agent": 14, "role": 6, "centre": 2, "date_debut": "2025-08-03", "date_fin": null } },
{ "model": "core.agentrole", "pk": 18, "fields": { "agent": 14, "role": 14, "centre": 2, "date_debut": "2025-08-03", "date_fin": null } },
{ "model": "core.agentrole", "pk": 19, "fields": { "agent": 15, "role": 4, "centre": 2, "date_debut": "2025-08-03", "date_fin": null } },
{ "model": "core.agentrole", "pk": 20, "fields": { "agent": 15, "role": 14, "centre": 2, "date_debut": "2025-08-03", "date_fin": null } },
{ "model": "core.agentrole", "pk": 21, "fields": { "agent": 12, "role": 10, "centre": null, "date_debut": "2025-08-03", "date_fin": null } },
{ "model": "core.agentrole", "pk": 22, "fields": { "agent": 11, "role": 12, "centre": null, "date_debut": "2025-08-03", "date_fin": null } },
{ "model": "core.agentrole", "pk": 23, "fields": { "agent": 11, "role": 14, "centre": 2, "date_debut": "2025-08-03", "date_fin": null } },
{ "model": "core.agentrole", "pk": 24, "fields": { "agent": 10, "role": 13, "centre": null, "date_debut": "2025-08-03", "date_fin": null } },
{ "model": "core.agentrole", "pk": 25, "fields": { "agent": 4, "role": 11, "centre": null, "date_debut": "2025-08-03", "date_fin": null } },
{ "model": "core.agentrole", "pk": 26, "fields": { "agent": 3, "role": 14, "centre": 2, "date_debut": "2025-08-03", "date_fin": null } },
{ "model": "core.agentrole", "pk": 27, "fields": { "agent": 16, "role": 17, "centre": null, "date_debut": "2025-08-03", "date_fin": null } },
{ "model": "core.agentrole", "pk": 28, "fields": { "agent": 16, "role": 14, "centre": 3, "date_debut": "2025-08-03", "date_fin": null } },
{ "model": "core.agentrole", "pk": 29, "fields": { "agent": 1, "role": 2, "centre": 3, "date_debut": "2025-08-04", "date_fin": null } },
{
  "model": "documentation.documenttype",
  "pk": 1,
  "fields": {
    "nom": "LOA"
  }
}
]