[
    {
      "model": "auth.user",
      "pk": 1,
      "fields": { "password": "pbkdf2_sha256$1000000$b9wMZXFrPaSxbDODmJLKxc$aN+WRIV2rnbU+1FGC9XJRc5OoH4RYsuoXNlZtzRE/ko=", "last_login": "2025-08-12T19:25:47.894Z", "is_superuser": true, "username": "admin", "first_name": "", "last_name": "", "email": "pascal.bensussan@gmail.com", "is_staff": true, "is_active": true, "date_joined": "2025-08-12T11:15:37.044Z", "groups": [], "user_permissions": [] }
    },
    {
      "model": "auth.user",
      "pk": 2,
      "fields": { "password": "pbkdf2_sha256$1000000$ttNQJXk47fCiiG4jB1Q3CX$BUFyM9v7hBBevvZdhF6e0c06MDB9T/1tl79krPVa/Pw=", "last_login": "2025-08-12T19:41:01.626Z", "is_superuser": false, "username": "SEG", "first_name": "", "last_name": "", "email": "", "is_staff": false, "is_active": true, "date_joined": "2025-08-12T11:41:17.004Z", "groups": [ 1 ], "user_permissions": [] }
    },
    {
      "model": "auth.user",
      "pk": 3,
      "fields": { "password": "pbkdf2_sha256$1000000$zvPa4z87Of0Ko424cOD8sO$iZm6Ep/bwYNTzQwJflDl+FKtffNK32NIqQ0eYFGEDGw=", "last_login": null, "is_superuser": false, "username": "FCT", "first_name": "", "last_name": "", "email": "", "is_staff": false, "is_active": true, "date_joined": "2025-08-12T11:41:35.479Z", "groups": [ 1 ], "user_permissions": [] }
    },
    {
      "model": "auth.user",
      "pk": 4,
      "fields": { "password": "pbkdf2_sha256$1000000$NjzStGdVUdgIqQlY4dXQib$5PJ2YG6f5ltEgqT1RML+3Vu0TdSQI+R3T7REbluQYZE=", "last_login": null, "is_superuser": false, "username": "BSN", "first_name": "", "last_name": "", "email": "", "is_staff": false, "is_active": true, "date_joined": "2025-08-12T11:42:26.236Z", "groups": [ 1 ], "user_permissions": [] }
    },
    {
      "model": "auth.user",
      "pk": 5,
      "fields": { "password": "pbkdf2_sha256$1000000$K8eSLvPVWjkTTcJf5UGeiA$X8Hw4CtG5NjqE0IbyFdG3cBFOw7rng4/jDmo6Kf3L7c=", "last_login": null, "is_superuser": false, "username": "CVI", "first_name": "", "last_name": "", "email": "", "is_staff": false, "is_active": true, "date_joined": "2025-08-12T11:42:49.644Z", "groups": [ 1 ], "user_permissions": [] }
    },
    {
      "model": "auth.user",
      "pk": 6,
      "fields": { "password": "pbkdf2_sha256$1000000$Tx4vKdIuhJxoUgM2Rv6LHq$Gw6PJnJ24Zcx87nhfes00BOmcQ0U5+ge/lamnh6bqfU=", "last_login": "2025-08-12T19:40:20.605Z", "is_superuser": false, "username": "GZN", "first_name": "", "last_name": "", "email": "", "is_staff": false, "is_active": true, "date_joined": "2025-08-12T11:57:45.450Z", "groups": [ 1 ], "user_permissions": [] }
    },
    {
      "model": "auth.user",
      "pk": 7,
      "fields": { "password": "pbkdf2_sha256$1000000$5vSZxI9NXsJvyWV3SpkHtB$3a9cfnYufLfX8r4JnhIGBrPIwiVKchYfPC7lXW6vqC0=", "last_login": "2025-08-12T19:39:10.268Z", "is_superuser": false, "username": "SEB", "first_name": "", "last_name": "", "email": "", "is_staff": false, "is_active": true, "date_joined": "2025-08-12T11:58:50.810Z", "groups": [ 1 ], "user_permissions": [] }
    },
    {
      "model": "auth.user",
      "pk": 8,
      "fields": { "password": "pbkdf2_sha256$1000000$zupMzuN04UVq3Qo94g3b70$p48tE6WHU0STz3ZxK7oXWy65dmROdLGmI9DnFomTzxQ=", "last_login": "2025-08-12T14:27:49.097Z", "is_superuser": false, "username": "VCT", "first_name": "", "last_name": "", "email": "", "is_staff": false, "is_active": true, "date_joined": "2025-08-12T14:23:49.027Z", "groups": [ 1 ], "user_permissions": [] }
    },
    {
      "model": "auth.group", "pk": 1, "fields": { "name": "TOUT_DROITS", "permissions": [ 1, 2, 3, 4, 9, 10, 11, 12, 5, 6, 7, 8, 13, 14, 15, 16, 17, 18, 19, 20, 77, 78, 79, 80, 168, 169, 170, 171, 65, 66, 67, 68, 53, 54, 55, 56, 61, 62, 63, 64, 172, 173, 174, 175, 57, 58, 59, 60, 25, 26, 27, 28, 69, 70, 71, 72, 73, 74, 75, 76, 29, 30, 31, 32, 33, 34, 35, 36, 160, 161, 162, 163, 81, 82, 83, 84, 85, 86, 87, 88, 89, 90, 91, 92, 180, 185, 181, 182, 184, 183, 176, 177, 178, 179, 113, 114, 115, 116, 93, 94, 95, 96, 97, 98, 99, 100, 101, 102, 103, 104, 37, 38, 39, 40, 41, 42, 43, 44, 105, 106, 107, 108, 186, 187, 188, 189, 109, 110, 111, 112, 45, 46, 47, 48, 49, 50, 51, 52, 117, 118, 119, 120, 121, 122, 123, 124, 125, 126, 127, 128, 129, 130, 131, 132, 133, 134, 135, 137, 139, 136, 138, 140, 141, 142, 143, 144, 145, 146, 147, 148, 149, 150, 151, 190, 191, 192, 193, 152, 153, 154, 155, 156, 157, 158, 159, 164, 165, 166, 167, 210, 211, 212, 213, 214, 215, 216, 217, 206, 207, 208, 209, 235, 236, 237, 238, 239, 240, 241, 242, 243, 244, 245, 246, 21, 22, 23, 24, 194, 195, 196, 197, 198, 199, 200, 201, 202, 203, 204, 205, 218, 219, 220, 221, 222, 223, 224, 225, 226, 227, 228, 230, 229, 231, 232, 233, 234 ] }
    },
    {
      "model": "auth.group", "pk": 2, "fields": { "name": "G_CHEF DE CENTRE", "permissions": [ 1, 2, 3, 4, 9, 10, 11, 12, 5, 6, 7, 8, 13, 14, 15, 16, 17, 18, 19, 20, 77, 78, 79, 80, 168, 169, 170, 171, 65, 66, 67, 68, 53, 54, 55, 56, 61, 62, 63, 64, 172, 173, 174, 175, 57, 58, 59, 60, 25, 26, 27, 28, 69, 70, 71, 72, 73, 74, 75, 76, 29, 30, 31, 32, 33, 34, 35, 36, 160, 161, 162, 163, 81, 82, 83, 84, 85, 86, 87, 88, 89, 90, 91, 92, 180, 185, 181, 182, 184, 183, 176, 177, 178, 179, 113, 114, 115, 116, 93, 94, 95, 96, 97, 98, 99, 100, 101, 102, 103, 104, 37, 38, 39, 40, 41, 42, 43, 44, 105, 106, 107, 108, 186, 187, 188, 189, 109, 110, 111, 112, 45, 46, 47, 48, 49, 50, 51, 52, 117, 118, 119, 120, 121, 122, 123, 124, 125, 126, 127, 128, 129, 130, 131, 132, 133, 134, 135, 137, 139, 136, 138, 140, 141, 142, 143, 144, 145, 146, 147, 148, 149, 150, 151, 190, 191, 192, 193, 152, 153, 154, 155, 156, 157, 158, 159, 164, 165, 166, 167, 210, 211, 212, 213, 214, 215, 216, 217, 206, 207, 208, 209, 235, 236, 237, 238, 239, 240, 241, 242, 243, 244, 245, 246, 21, 22, 23, 24, 194, 195, 196, 197, 198, 199, 200, 201, 202, 203, 204, 205, 218, 219, 220, 221, 222, 223, 224, 225, 226, 227, 228, 230, 229, 231, 232, 233, 234 ] }
    },
    {
      "model": "auth.group", "pk": 3, "fields": { "name": "G_ACHEFDECENTRE", "permissions": [ 1, 2, 3, 4, 9, 10, 11, 12, 5, 6, 7, 8, 13, 14, 15, 16, 17, 18, 19, 20, 77, 78, 79, 80, 168, 169, 170, 171, 65, 66, 67, 68, 53, 54, 55, 56, 61, 62, 63, 64, 172, 173, 174, 175, 57, 58, 59, 60, 25, 26, 27, 28, 69, 70, 71, 72, 73, 74, 75, 76, 29, 30, 31, 32, 33, 34, 35, 36, 160, 161, 162, 163, 81, 82, 83, 84, 85, 86, 87, 88, 89, 90, 91, 92, 180, 185, 181, 182, 184, 183, 176, 177, 178, 179, 113, 114, 115, 116, 93, 94, 95, 96, 97, 98, 99, 100, 101, 102, 103, 104, 37, 38, 39, 40, 41, 42, 43, 44, 105, 106, 107, 108, 186, 187, 188, 189, 109, 110, 111, 112, 45, 46, 47, 48, 49, 50, 51, 52, 117, 118, 119, 120, 121, 122, 123, 124, 125, 126, 127, 128, 129, 130, 131, 132, 133, 134, 135, 137, 139, 136, 138, 140, 141, 142, 143, 144, 145, 146, 147, 148, 149, 150, 151, 190, 191, 192, 193, 152, 153, 154, 155, 156, 157, 158, 159, 164, 165, 166, 167, 210, 211, 212, 213, 214, 215, 216, 217, 206, 207, 208, 209, 235, 236, 237, 238, 239, 240, 241, 242, 243, 244, 245, 246, 21, 22, 23, 24, 194, 195, 196, 197, 198, 199, 200, 201, 202, 203, 204, 205, 218, 219, 220, 221, 222, 223, 224, 225, 226, 227, 228, 230, 229, 231, 232, 233, 234 ] }
    },
    {
      "model": "auth.group", "pk": 4, "fields": { "name": "G_LOCALQS", "permissions": [ 1, 2, 3, 4, 9, 10, 11, 12, 5, 6, 7, 8, 13, 14, 15, 16, 17, 18, 19, 20, 77, 78, 79, 80, 168, 169, 170, 171, 65, 66, 67, 68, 53, 54, 55, 56, 61, 62, 63, 64, 172, 173, 174, 175, 57, 58, 59, 60, 25, 26, 27, 28, 69, 70, 71, 72, 73, 74, 75, 76, 29, 30, 31, 32, 33, 34, 35, 36, 160, 161, 162, 163, 81, 82, 83, 84, 85, 86, 87, 88, 89, 90, 91, 92, 180, 185, 181, 182, 184, 183, 176, 177, 178, 179, 113, 114, 115, 116, 93, 94, 95, 96, 97, 98, 99, 100, 101, 102, 103, 104, 37, 38, 39, 40, 41, 42, 43, 44, 105, 106, 107, 108, 186, 187, 188, 189, 109, 110, 111, 112, 45, 46, 47, 48, 49, 50, 51, 52, 117, 118, 119, 120, 121, 122, 123, 124, 125, 126, 127, 128, 129, 130, 131, 132, 133, 134, 135, 137, 139, 136, 138, 140, 141, 142, 143, 144, 145, 146, 147, 148, 149, 150, 151, 190, 191, 192, 193, 152, 153, 154, 155, 156, 157, 158, 159, 164, 165, 166, 167, 210, 211, 212, 213, 214, 215, 216, 217, 206, 207, 208, 209, 235, 236, 237, 238, 239, 240, 241, 242, 243, 244, 245, 246, 21, 22, 23, 24, 194, 195, 196, 197, 198, 199, 200, 201, 202, 203, 204, 205, 218, 219, 220, 221, 222, 223, 224, 225, 226, 227, 228, 230, 229, 231, 232, 233, 234 ] }
    },
    {
      "model": "auth.group", "pk": 5, "fields": { "name": "G_LOCALFORM", "permissions": [ 1, 2, 3, 4, 9, 10, 11, 12, 5, 6, 7, 8, 13, 14, 15, 16, 17, 18, 19, 20, 77, 78, 79, 80, 168, 169, 170, 171, 65, 66, 67, 68, 53, 54, 55, 56, 61, 62, 63, 64, 172, 173, 174, 175, 57, 58, 59, 60, 25, 26, 27, 28, 69, 70, 71, 72, 73, 74, 75, 76, 29, 30, 31, 32, 33, 34, 35, 36, 160, 161, 162, 163, 81, 82, 83, 84, 85, 86, 87, 88, 89, 90, 91, 92, 180, 185, 181, 182, 184, 183, 176, 177, 178, 179, 113, 114, 115, 116, 93, 94, 95, 96, 97, 98, 99, 100, 101, 102, 103, 104, 37, 38, 39, 40, 41, 42, 43, 44, 105, 106, 107, 108, 186, 187, 188, 189, 109, 110, 111, 112, 45, 46, 47, 48, 49, 50, 51, 52, 117, 118, 119, 120, 121, 122, 123, 124, 125, 126, 127, 128, 129, 130, 131, 132, 133, 134, 135, 137, 139, 136, 138, 140, 141, 142, 143, 144, 145, 146, 147, 148, 149, 150, 151, 190, 191, 192, 193, 152, 153, 154, 155, 156, 157, 158, 159, 164, 165, 166, 167, 210, 211, 212, 213, 214, 215, 216, 217, 206, 207, 208, 209, 235, 236, 237, 238, 239, 240, 241, 242, 243, 244, 245, 246, 21, 22, 23, 24, 194, 195, 196, 197, 198, 199, 200, 201, 202, 203, 204, 205, 218, 219, 220, 221, 222, 223, 224, 225, 226, 227, 228, 230, 229, 231, 232, 233, 234 ] }
    },
    {
      "model": "auth.group", "pk": 6, "fields": { "name": "G_LOCALSMS", "permissions": [ 1, 2, 3, 4, 9, 10, 11, 12, 5, 6, 7, 8, 13, 14, 15, 16, 17, 18, 19, 20, 77, 78, 79, 80, 168, 169, 170, 171, 65, 66, 67, 68, 53, 54, 55, 56, 61, 62, 63, 64, 172, 173, 174, 175, 57, 58, 59, 60, 25, 26, 27, 28, 69, 70, 71, 72, 73, 74, 75, 76, 29, 30, 31, 32, 33, 34, 35, 36, 160, 161, 162, 163, 81, 82, 83, 84, 85, 86, 87, 88, 89, 90, 91, 92, 180, 185, 181, 182, 184, 183, 176, 177, 178, 179, 113, 114, 115, 116, 93, 94, 95, 96, 97, 98, 99, 100, 101, 102, 103, 104, 37, 38, 39, 40, 41, 42, 43, 44, 105, 106, 107, 108, 186, 187, 188, 189, 109, 110, 111, 112, 45, 46, 47, 48, 49, 50, 51, 52, 117, 118, 119, 120, 121, 122, 123, 124, 125, 126, 127, 128, 129, 130, 131, 132, 133, 134, 135, 137, 139, 136, 138, 140, 141, 142, 143, 144, 145, 146, 147, 148, 149, 150, 151, 190, 191, 192, 193, 152, 153, 154, 155, 156, 157, 158, 159, 164, 165, 166, 167, 210, 211, 212, 213, 214, 215, 216, 217, 206, 207, 208, 209, 235, 236, 237, 238, 239, 240, 241, 242, 243, 244, 245, 246, 21, 22, 23, 24, 194, 195, 196, 197, 198, 199, 200, 201, 202, 203, 204, 205, 218, 219, 220, 221, 222, 223, 224, 225, 226, 227, 228, 230, 229, 231, 232, 233, 234 ] }
    },
    {
      "model": "auth.group", "pk": 7, "fields": { "name": "G_LOCALES", "permissions": [ 1, 2, 3, 4, 9, 10, 11, 12, 5, 6, 7, 8, 13, 14, 15, 16, 17, 18, 19, 20, 77, 78, 79, 80, 168, 169, 170, 171, 65, 66, 67, 68, 53, 54, 55, 56, 61, 62, 63, 64, 172, 173, 174, 175, 57, 58, 59, 60, 25, 26, 27, 28, 69, 70, 71, 72, 73, 74, 75, 76, 29, 30, 31, 32, 33, 34, 35, 36, 160, 161, 162, 163, 81, 82, 83, 84, 85, 86, 87, 88, 89, 90, 91, 92, 180, 185, 181, 182, 184, 183, 176, 177, 178, 179, 113, 114, 115, 116, 93, 94, 95, 96, 97, 98, 99, 100, 101, 102, 103, 104, 37, 38, 39, 40, 41, 42, 43, 44, 105, 106, 107, 108, 186, 187, 188, 189, 109, 110, 111, 112, 45, 46, 47, 48, 49, 50, 51, 52, 117, 118, 119, 120, 121, 122, 123, 124, 125, 126, 127, 128, 129, 130, 131, 132, 133, 134, 135, 137, 139, 136, 138, 140, 141, 142, 143, 144, 145, 146, 147, 148, 149, 150, 151, 190, 191, 192, 193, 152, 153, 154, 155, 156, 157, 158, 159, 164, 165, 166, 167, 210, 211, 212, 213, 214, 215, 216, 217, 206, 207, 208, 209, 235, 236, 237, 238, 239, 240, 241, 242, 243, 244, 245, 246, 21, 22, 23, 24, 194, 195, 196, 197, 198, 199, 200, 201, 202, 203, 204, 205, 218, 219, 220, 221, 222, 223, 224, 225, 226, 227, 228, 230, 229, 231, 232, 233, 234 ] }
    },
    {
      "model": "auth.group", "pk": 8, "fields": { "name": "G_CONTROLEUR", "permissions": [ 1, 2, 3, 4, 9, 10, 11, 12, 5, 6, 7, 8, 13, 14, 15, 16, 17, 18, 19, 20, 77, 78, 79, 80, 168, 169, 170, 171, 65, 66, 67, 68, 53, 54, 55, 56, 61, 62, 63, 64, 172, 173, 174, 175, 57, 58, 59, 60, 25, 26, 27, 28, 69, 70, 71, 72, 73, 74, 75, 76, 29, 30, 31, 32, 33, 34, 35, 36, 160, 161, 162, 163, 81, 82, 83, 84, 85, 86, 87, 88, 89, 90, 91, 92, 180, 185, 181, 182, 184, 183, 176, 177, 178, 179, 113, 114, 115, 116, 93, 94, 95, 96, 97, 98, 99, 100, 101, 102, 103, 104, 37, 38, 39, 40, 41, 42, 43, 44, 105, 106, 107, 108, 186, 187, 188, 189, 109, 110, 111, 112, 45, 46, 47, 48, 49, 50, 51, 52, 117, 118, 119, 120, 121, 122, 123, 124, 125, 126, 127, 128, 129, 130, 131, 132, 133, 134, 135, 137, 139, 136, 138, 140, 141, 142, 143, 144, 145, 146, 147, 148, 149, 150, 151, 190, 191, 192, 193, 152, 153, 154, 155, 156, 157, 158, 159, 164, 165, 166, 167, 210, 211, 212, 213, 214, 215, 216, 217, 206, 207, 208, 209, 235, 236, 237, 238, 239, 240, 241, 242, 243, 244, 245, 246, 21, 22, 23, 24, 194, 195, 196, 197, 198, 199, 200, 201, 202, 203, 204, 205, 218, 219, 220, 221, 222, 223, 224, 225, 226, 227, 228, 230, 229, 231, 232, 233, 234 ] }
    },
    {
      "model": "auth.group", "pk": 9, "fields": { "name": "G_NATQS", "permissions": [ 1, 2, 3, 4, 9, 10, 11, 12, 5, 6, 7, 8, 13, 14, 15, 16, 17, 18, 19, 20, 77, 78, 79, 80, 168, 169, 170, 171, 65, 66, 67, 68, 53, 54, 55, 56, 61, 62, 63, 64, 172, 173, 174, 175, 57, 58, 59, 60, 25, 26, 27, 28, 69, 70, 71, 72, 73, 74, 75, 76, 29, 30, 31, 32, 33, 34, 35, 36, 160, 161, 162, 163, 81, 82, 83, 84, 85, 86, 87, 88, 89, 90, 91, 92, 180, 185, 181, 182, 184, 183, 176, 177, 178, 179, 113, 114, 115, 116, 93, 94, 95, 96, 97, 98, 99, 100, 101, 102, 103, 104, 37, 38, 39, 40, 41, 42, 43, 44, 105, 106, 107, 108, 186, 187, 188, 189, 109, 110, 111, 112, 45, 46, 47, 48, 49, 50, 51, 52, 117, 118, 119, 120, 121, 122, 123, 124, 125, 126, 127, 128, 129, 130, 131, 132, 133, 134, 135, 137, 139, 136, 138, 140, 141, 142, 143, 144, 145, 146, 147, 148, 149, 150, 151, 190, 191, 192, 193, 152, 153, 154, 155, 156, 157, 158, 159, 164, 165, 166, 167, 210, 211, 212, 213, 214, 215, 216, 217, 206, 207, 208, 209, 235, 236, 237, 238, 239, 240, 241, 242, 243, 244, 245, 246, 21, 22, 23, 24, 194, 195, 196, 197, 198, 199, 200, 201, 202, 203, 204, 205, 218, 219, 220, 221, 222, 223, 224, 225, 226, 227, 228, 230, 229, 231, 232, 233, 234 ] }
    },
    {
      "model": "auth.group", "pk": 10, "fields": { "name": "G_NATSMS", "permissions": [ 1, 2, 3, 4, 9, 10, 11, 12, 5, 6, 7, 8, 13, 14, 15, 16, 17, 18, 19, 20, 77, 78, 79, 80, 168, 169, 170, 171, 65, 66, 67, 68, 53, 54, 55, 56, 61, 62, 63, 64, 172, 173, 174, 175, 57, 58, 59, 60, 25, 26, 27, 28, 69, 70, 71, 72, 73, 74, 75, 76, 29, 30, 31, 32, 33, 34, 35, 36, 160, 161, 162, 163, 81, 82, 83, 84, 85, 86, 87, 88, 89, 90, 91, 92, 180, 185, 181, 182, 184, 183, 176, 177, 178, 179, 113, 114, 115, 116, 93, 94, 95, 96, 97, 98, 99, 100, 101, 102, 103, 104, 37, 38, 39, 40, 41, 42, 43, 44, 105, 106, 107, 108, 186, 187, 188, 189, 109, 110, 111, 112, 45, 46, 47, 48, 49, 50, 51, 52, 117, 118, 119, 120, 121, 122, 123, 124, 125, 126, 127, 128, 129, 130, 131, 132, 133, 134, 135, 137, 139, 136, 138, 140, 141, 142, 143, 144, 145, 146, 147, 148, 149, 150, 151, 190, 191, 192, 193, 152, 153, 154, 155, 156, 157, 158, 159, 164, 165, 166, 167, 210, 211, 212, 213, 214, 215, 216, 217, 206, 207, 208, 209, 235, 236, 237, 238, 239, 240, 241, 242, 243, 244, 245, 246, 21, 22, 23, 24, 194, 195, 196, 197, 198, 199, 200, 201, 202, 203, 204, 205, 218, 219, 220, 221, 222, 223, 224, 225, 226, 227, 228, 230, 229, 231, 232, 233, 234 ] }
    },
    {
      "model": "auth.group", "pk": 11, "fields": { "name": "G_NATFORM", "permissions": [ 1, 2, 3, 4, 9, 10, 11, 12, 5, 6, 7, 8, 13, 14, 15, 16, 17, 18, 19, 20, 77, 78, 79, 80, 168, 169, 170, 171, 65, 66, 67, 68, 53, 54, 55, 56, 61, 62, 63, 64, 172, 173, 174, 175, 57, 58, 59, 60, 25, 26, 27, 28, 69, 70, 71, 72, 73, 74, 75, 76, 29, 30, 31, 32, 33, 34, 35, 36, 160, 161, 162, 163, 81, 82, 83, 84, 85, 86, 87, 88, 89, 90, 91, 92, 180, 185, 181, 182, 184, 183, 176, 177, 178, 179, 113, 114, 115, 116, 93, 94, 95, 96, 97, 98, 99, 100, 101, 102, 103, 104, 37, 38, 39, 40, 41, 42, 43, 44, 105, 106, 107, 108, 186, 187, 188, 189, 109, 110, 111, 112, 45, 46, 47, 48, 49, 50, 51, 52, 117, 118, 119, 120, 121, 122, 123, 124, 125, 126, 127, 128, 129, 130, 131, 132, 133, 134, 135, 137, 139, 136, 138, 140, 141, 142, 143, 144, 145, 146, 147, 148, 149, 150, 151, 190, 191, 192, 193, 152, 153, 154, 155, 156, 157, 158, 159, 164, 165, 166, 167, 210, 211, 212, 213, 214, 215, 216, 217, 206, 207, 208, 209, 235, 236, 237, 238, 239, 240, 241, 242, 243, 244, 245, 246, 21, 22, 23, 24, 194, 195, 196, 197, 198, 199, 200, 201, 202, 203, 204, 205, 218, 219, 220, 221, 222, 223, 224, 225, 226, 227, 228, 230, 229, 231, 232, 233, 234 ] }
    },
    {
      "model": "auth.group", "pk": 12, "fields": { "name": "G_NATES", "permissions": [ 1, 2, 3, 4, 9, 10, 11, 12, 5, 6, 7, 8, 13, 14, 15, 16, 17, 18, 19, 20, 77, 78, 79, 80, 168, 169, 170, 171, 65, 66, 67, 68, 53, 54, 55, 56, 61, 62, 63, 64, 172, 173, 174, 175, 57, 58, 59, 60, 25, 26, 27, 28, 69, 70, 71, 72, 73, 74, 75, 76, 29, 30, 31, 32, 33, 34, 35, 36, 160, 161, 162, 163, 81, 82, 83, 84, 85, 86, 87, 88, 89, 90, 91, 92, 180, 185, 181, 182, 184, 183, 176, 177, 178, 179, 113, 114, 115, 116, 93, 94, 95, 96, 97, 98, 99, 100, 101, 102, 103, 104, 37, 38, 39, 40, 41, 42, 43, 44, 105, 106, 107, 108, 186, 187, 188, 189, 109, 110, 111, 112, 45, 46, 47, 48, 49, 50, 51, 52, 117, 118, 119, 120, 121, 122, 123, 124, 125, 126, 127, 128, 129, 130, 131, 132, 133, 134, 135, 137, 139, 136, 138, 140, 141, 142, 143, 144, 145, 146, 147, 148, 149, 150, 151, 190, 191, 192, 193, 152, 153, 154, 155, 156, 157, 158, 159, 164, 165, 166, 167, 210, 211, 212, 213, 214, 215, 216, 217, 206, 207, 208, 209, 235, 236, 237, 238, 239, 240, 241, 242, 243, 244, 245, 246, 21, 22, 23, 24, 194, 195, 196, 197, 198, 199, 200, 201, 202, 203, 204, 205, 218, 219, 220, 221, 222, 223, 224, 225, 226, 227, 228, 230, 229, 231, 232, 233, 234 ] }
    },
    {
      "model": "auth.group", "pk": 13, "fields": { "name": "G_AGENT_STANDARD", "permissions": [ 1, 2, 3, 4, 9, 10, 11, 12, 5, 6, 7, 8, 13, 14, 15, 16, 17, 18, 19, 20, 77, 78, 79, 80, 168, 169, 170, 171, 65, 66, 67, 68, 53, 54, 55, 56, 61, 62, 63, 64, 172, 173, 174, 175, 57, 58, 59, 60, 25, 26, 27, 28, 69, 70, 71, 72, 73, 74, 75, 76, 29, 30, 31, 32, 33, 34, 35, 36, 160, 161, 162, 163, 81, 82, 83, 84, 85, 86, 87, 88, 89, 90, 91, 92, 180, 185, 181, 182, 184, 183, 176, 177, 178, 179, 113, 114, 115, 116, 93, 94, 95, 96, 97, 98, 99, 100, 101, 102, 103, 104, 37, 38, 39, 40, 41, 42, 43, 44, 105, 106, 107, 108, 186, 187, 188, 189, 109, 110, 111, 112, 45, 46, 47, 48, 49, 50, 51, 52, 117, 118, 119, 120, 121, 122, 123, 124, 125, 126, 127, 128, 129, 130, 131, 132, 133, 134, 135, 137, 139, 136, 138, 140, 141, 142, 143, 144, 145, 146, 147, 148, 149, 150, 151, 190, 191, 192, 193, 152, 153, 154, 155, 156, 157, 158, 159, 164, 165, 166, 167, 210, 211, 212, 213, 214, 215, 216, 217, 206, 207, 208, 209, 235, 236, 237, 238, 239, 240, 241, 242, 243, 244, 245, 246, 21, 22, 23, 24, 194, 195, 196, 197, 198, 199, 200, 201, 202, 203, 204, 205, 218, 219, 220, 221, 222, 223, 224, 225, 226, 227, 228, 230, 229, 231, 232, 233, 234 ] }
    },
    {
      "model": "core.centre", "pk": 1, "fields": { "nom_centre": "AIX EN PROVENCE", "code_centre": "AIX" }
    },
    {
      "model": "core.centre", "pk": 2, "fields": { "nom_centre": "ISTRES", "code_centre": "IST" }
    },
    {
      "model": "core.centre", "pk": 3, "fields": { "nom_centre": "BORDEAUX", "code_centre": "BDX" }
    },
    {
      "model": "core.role", "pk": 1, "fields": { "nom": "ADJOINT_CHEF_DE_CENTRE", "scope": "LOCAL", "level": "ENCADREMENT", "groups": [ 1 ] }
    },
    {
      "model": "core.role", "pk": 2, "fields": { "nom": "ADJOINT_CHEF_DE_DIVISION", "scope": "CENTRAL", "level": "ENCADREMENT", "groups": [ 1 ] }
    },
    {
      "model": "core.role", "pk": 3, "fields": { "nom": "ADJOINT_ES", "scope": "CENTRAL", "level": "MANAGEMENT", "groups": [ 1 ] }
    },
    {
      "model": "core.role", "pk": 4, "fields": { "nom": "ADJOINT_FORM", "scope": "CENTRAL", "level": "MANAGEMENT", "groups": [ 1 ] }
    },
    {
      "model": "core.role", "pk": 5, "fields": { "nom": "ADJOINT_QS", "scope": "CENTRAL", "level": "MANAGEMENT", "groups": [ 1 ] }
    },
    {
      "model": "core.role", "pk": 6, "fields": { "nom": "CHEF_DE_CENTRE", "scope": "LOCAL", "level": "ENCADREMENT", "groups": [ 1 ] }
    },
    {
      "model": "core.role", "pk": 7, "fields": { "nom": "CHEF_DE_DIVISION", "scope": "CENTRAL", "level": "ENCADREMENT", "groups": [ 1 ] }
    },
    {
      "model": "core.role", "pk": 8, "fields": { "nom": "CHEF_DE_QUART", "scope": "OPERATIONNEL", "level": "MANAGEMENT", "groups": [ 1 ] }
    },
    {
      "model": "core.role", "pk": 9, "fields": { "nom": "CONTROLEUR", "scope": "OPERATIONNEL", "level": "EXECUTION", "groups": [ 1 ] }
    },
    {
      "model": "core.role", "pk": 10, "fields": { "nom": "FORM_LOCAL", "scope": "LOCAL", "level": "MANAGEMENT", "groups": [ 1 ] }
    },
    {
      "model": "core.role", "pk": 11, "fields": { "nom": "QS_LOCAL", "scope": "LOCAL", "level": "MANAGEMENT", "groups": [ 1 ] }
    },
    {
      "model": "core.role", "pk": 12, "fields": { "nom": "RESPONSABLE_SMS", "scope": "CENTRAL", "level": "MANAGEMENT", "groups": [ 1 ] }
    },
    {
      "model": "core.role", "pk": 13, "fields": { "nom": "SMS_LOCAL", "scope": "LOCAL", "level": "MANAGEMENT", "groups": [ 1 ] }
    },
    {
      "model": "core.role", "pk": 14, "fields": { "nom": "ADJOINT_CONFORMITE", "scope": "CENTRAL", "level": "MANAGEMENT", "groups": [ 1 ] }
    },
    {
      "model": "core.role", "pk": 15, "fields": { "nom": "COORDONATEUR", "scope": "OPERATIONNEL", "level": "EXECUTION", "groups": [ 1 ] }
    },
    {
      "model": "core.role", "pk": 16, "fields": { "nom": "ES_LOCAL", "scope": "LOCAL", "level": "MANAGEMENT", "groups": [ 1 ] }
    },
    {
      "model": "core.agent", "pk": 1, "fields": { "centre": 1, "reference": null, "trigram": "SEG", "user": 2, "nom": "", "prenom": "", "date_naissance": null, "nationalite": "", "actif": true, "type_agent": "controleur" }
    },
    {
      "model": "core.agent", "pk": 2, "fields": { "centre": null, "reference": null, "trigram": "BSN", "user": 4, "nom": "", "prenom": "", "date_naissance": null, "nationalite": "", "actif": true, "type_agent": "controleur" }
    },
    {
      "model": "core.agent", "pk": 3, "fields": { "centre": null, "reference": null, "trigram": "CVI", "user": 5, "nom": "", "prenom": "", "date_naissance": null, "nationalite": "", "actif": true, "type_agent": "controleur" }
    },
    {
      "model": "core.agent", "pk": 4, "fields": { "centre": 2, "reference": null, "trigram": "FCT", "user": 3, "nom": "", "prenom": "", "date_naissance": null, "nationalite": "", "actif": true, "type_agent": "" }
    },
    {
      "model": "core.agent", "pk": 5, "fields": { "centre": 1, "reference": null, "trigram": "GZN", "user": 6, "nom": "", "prenom": "", "date_naissance": null, "nationalite": "", "actif": true, "type_agent": "controleur" }
    },
    {
      "model": "core.agent", "pk": 6, "fields": { "centre": null, "reference": null, "trigram": "SEB", "user": 7, "nom": "", "prenom": "", "date_naissance": null, "nationalite": "", "actif": true, "type_agent": "controleur" }
    },
    {
      "model": "core.agent", "pk": 7, "fields": { "centre": null, "reference": null, "trigram": "VCT", "user": 8, "nom": "", "prenom": "", "date_naissance": null, "nationalite": "", "actif": true, "type_agent": "" }
    },
    {
      "model": "core.agentrole", "pk": 1, "fields": { "agent": 1, "role": 1, "centre": 1, "date_debut": "2025-08-12", "date_fin": null }
    },
    {
      "model": "core.agentrole", "pk": 2, "fields": { "agent": 2, "role": 2, "centre": null, "date_debut": "2025-08-12", "date_fin": null }
    },
    {
      "model": "core.agentrole", "pk": 3, "fields": { "agent": 3, "role": 7, "centre": null, "date_debut": "2025-08-12", "date_fin": null }
    },
    {
      "model": "core.agentrole", "pk": 4, "fields": { "agent": 4, "role": 6, "centre": 2, "date_debut": "2025-08-12", "date_fin": null }
    },
    {
      "model": "core.agentrole", "pk": 5, "fields": { "agent": 5, "role": 11, "centre": 1, "date_debut": "2025-08-12", "date_fin": null }
    },
    {
      "model": "core.agentrole", "pk": 6, "fields": { "agent": 6, "role": 5, "centre": null, "date_debut": "2025-08-12", "date_fin": null }
    },
    {
      "model": "core.agentrole", "pk": 7, "fields": { "agent": 7, "role": 14, "centre": null, "date_debut": "2025-08-12", "date_fin": null }
    },
    {
      "model": "core.agentrole", "pk": 8, "fields": { "agent": 5, "role": 8, "centre": 1, "date_debut": "2025-08-12", "date_fin": null }
    }
]